{
    "num_nodes": [4, 8, 16, 32, 64, 128],
    "ranks_per_node": [8, 16, 32],
    "tests":{
        "Input Parsing":{
            "8": [221.414169, 74.318604, 72.705826, 35.72237, 18.915371, 10.219194],
            "16": [81.169113, 77.380669, 40.09407, 25.333214, 15.595575, 41.886478],
            "32": [0, 0, 0, 0, 0, 0]
        },
        "Connected Components":{
            "8": [38.205143, 13.562414, 13.36545, 8.463757, 4.513631, 2.511278],
            "16": [13.718762, 13.722223, 8.91402, 4.646626, 2.50222, 1.326387],
            "32": [0, 0, 0, 0, 0, 0]
        }
    }
}
