{
    "num_nodes": [4, 8, 16, 32, 64, 128],
    "ranks_per_node": [8, 16, 32],
    "tests":{
        "Input Parsing":{
            "8": [221.414169, 74.318604, 72.705826, 35.72237, 18.915371, 10.219194],
            "16": [81.212502, 75.878616, 39.517838, 26.346783, 13.300813, 30.427341],
            "32": [105.494202, 87.809349, 51.666611, 27.637613, 14.935945, 40.981617]
        },
        "Connected Components":{
            "8": [38.205143, 13.562414, 13.36545, 8.463757, 4.513631, 2.511278],
            "16": [13.716732, 13.370326, 8.796016, 4.649078, 2.486997, 1.283308],
            "32": [14.522689, 9.753669, 5.48325, 2.942104, 1.548402, 0.748203]
        }
    }
}
