{
    "num_nodes": [4, 8, 16, 32, 64, 128],
    "ranks_per_node": [8, 16, 32],
    "Input Parsing":{
        "8": [50, 48, 46, 44, 42, 40],
        "16": [81.169113, 77.380669, 40.09407, 25.333214, 15.595575, 41.886478],
        "32": [12, 11, 10, 9, 8, 7]
    },
    "Connected Component":{
        "8": [20, 15, 15, 13, 12,11],
        "16": [0, 13.722223, 8.91402, 4.646626, 2.50222, 1.326387],
        "32": [12, 11, 10, 3, 8, 7]
    }
}
